"Variable / Field Name","Form Name","Section Header","Field Type","Field Label","Choices, Calculations, OR Slider Labels","Field Note","Text Validation Type OR Show Slider Number","Text Validation Min","Text Validation Max",Identifier?,"Branching Logic (Show field only if...)","Required Field?","Custom Alignment","Question Number (surveys only)","Matrix Group Name","Matrix Ranking?","Field Annotation"
intro,ivr,,descriptive,"Welcome to the Stanford CATCH Study information line.  If you think you have a psychiatric or medical emergency, call 9 1 1 or go to the nearest hospital.
{{PAUSE=1.5}}
Have you checked out the Frequently Asked Questions on our website at www.catchstudy.stanford.e d u?  Answers to many of our commonly asked questions can be found there.
{{PAUSE=1.5}}
Please listen carefully as our menu options do change.",,,,,,,,,,,,,
reason,ivr,,radio,"If you cannot find the answer you are looking for, please listen to the following choices.","1, help with Study Sign-up | 2, kit delivery questions or issues | 3, kit registration or activation questions or issues | 4, kit pick-up questions | 5, issues accessing your account | 9, all other inquiries","{""expected_digits"" : 1}",,,,,,,,,,,
vm_1,ivr,,descriptive,"Thank you for your interest in joining our study to help protect the community from the spread of COVID-19.  
Did you know that you can sign up for the study on a laptop, tablet, and even your phone?  
Just visit www.catchstudy.stanford.e d u to sign-up!",,,,,,,"[reason] = '1'",,,,,,
vm_2,ivr,,descriptive,"Thank you for your interest in joining our study to help protect the community from the spread of COVID-19.  
Did you receive a notification that you have been selected to receive a test kit?  Test kits are normally delivered with 24hrs of selection.  
You will receive a message from SenPex, the medical courier to let you know when a kit has left the warehouse and on its way to you.  ",,,,,,,"[reason] = '2'",,,,,,
vm_3,ivr,,descriptive,"Thank you for your interest in joining our study to help protect the community from the spread of COVID-19.  

Are you having trouble locating the activation code for your kit?  It is a 7-digit code located just below the QR code on the Activation card.  

You can go to https://myverakit.com/activate to enter the code or you can simply log onto your secure account, visit the dashboard page, and click on the ""Activate Kit"" link.",,,,,,,"[reason] = '3'",,,,,,
vm_4,ivr,,descriptive,"Thank you for your interest in joining our study to help protect the community from the spread of COVID-19.  Not sure if your kit is ready for pick-up?  Make sure that the status on your secure acount dashboard says ""Awaiting Pickup"".  If it is not, please make sure to click on ""Complete"" to the right of the action items row, then ""Request Pick-up"".  Please note that you will not need a Shipping Label for your kit to be picked-up.",,,,,,,"[reason] = '4'",,,,,,
transfer_call,ivr,,descriptive,"Please wait while we transfer your call",,,,,,,,,,,,,
redirect,ivr,,descriptive,{{CALLFORWARD=6507237103}},,,,,,,"[reason] = '3' and [reason] = '4'",,,,,,
leave_recording,ivr,,text,"{{PAUSE=2}}
We're sorry.  All of our study staff are busy assisting other callers at this time.  If you would like to leave a message, please press 1.",,"{""expected_digits"" : 1}",,,,,"[reason] = '1' OR
[reason] = '2' OR
[reason] = '5' OR
[reason] = '9'",,,,,,
recording,ivr,,text,"Please leave a detailed message, including your name and email address and a description of your issue or question:",,"{""voicemail"" : {""timeout"" : 10, ""length"" : 15}}",,,,,"[reason] = '1'",,,,,,
thankyou,ivr,,descriptive,"Thank you and goodbye.",,,,,,,,,,,,,
caller_phone_number,ivr,,text,"caller phone number",,,,,,,,,,,,," @IGNORE"
vm_transcription,ivr,,notes,"VM Transcription",,,,,,,,,,,,," @IGNORE"
