"Variable / Field Name","Form Name","Section Header","Field Type","Field Label","Choices, Calculations, OR Slider Labels","Field Note","Text Validation Type OR Show Slider Number","Text Validation Min","Text Validation Max",Identifier?,"Branching Logic (Show field only if...)","Required Field?","Custom Alignment","Question Number (surveys only)","Matrix Group Name","Matrix Ranking?","Field Annotation"
script_1,script,,descriptive,"Hi Welcome to the CATCH Study!",,,,,,,,,,,,,
script_2,script,,text,"Please enter your 6 digit Access Code.",,6,,,,,,,,,,,
script_3,script,,yesno,"Do you have a computer or smart phone?",,1,,,,,,,,,,,
script_4,script,,text,"Please leave a voicemail and we will call you .",,,,,,,"[script_3] = '0'",,,,,," @VOICEMAIL"
script_5,script,,radio,"Do you like Dogs or Cats?  ","1, Dogs | 2, Cats",1,,,,,"[script_3] = '1'",,,,,,
script_6,script,,dropdown,"Please choose your favorite flavor.","1, Vanilla | 2, Strawberry | 3, Chocolate",1,,,,,,,,,,,
script_7,script,,descriptive,"Thank you and goodbye!",,,,,,,,,,,,,
